model_id,prompt,variable,coefficient,std_error,t_stat,p_value,ci_low,ci_high
model_3,TABLE 3 - consumption ~ HDD + CDD + night dummy + weekend dummy,const,39990.293727954006,54.33189928692953,736.0371025640615,0.0,39883.805162139965,40096.78229376805
model_3,TABLE 3 - consumption ~ HDD + CDD + night dummy + weekend dummy,HDD,337.7913524124642,41.65433502432339,8.109392508972148,5.087346168772535e-16,256.15035596482505,419.4323488601034
model_3,TABLE 3 - consumption ~ HDD + CDD + night dummy + weekend dummy,CDD,1723.344495607313,43.174506016235604,39.915789539300256,0.0,1638.7240187651835,1807.9649724494427
model_3,TABLE 3 - consumption ~ HDD + CDD + night dummy + weekend dummy,night,-6781.4931762304,88.61222394673204,-76.52999636152904,0.0,-6955.169943755993,-6607.816408704808
model_3,TABLE 3 - consumption ~ HDD + CDD + night dummy + weekend dummy,weekend,-3642.40543317792,92.46779273859381,-39.39107147799007,0.0,-3823.638976675478,-3461.171889680362
