model_id,prompt,variable,coefficient,std_error,t_stat,p_value,ci_low,ci_high
model_6,TABLE 6 - consumption ~ HDD + CDD + night dummy + weekend dummy + PMI + IR + CUR,const,40032.658368050754,52.748198913642824,758.9388679145343,0.0,39929.27379793066,40136.042938170845
model_6,TABLE 6 - consumption ~ HDD + CDD + night dummy + weekend dummy + PMI + IR + CUR,HDD,448.13156155261413,57.29861145902068,7.820984665101576,5.241173007016684e-15,335.8283467287796,560.4347763764487
model_6,TABLE 6 - consumption ~ HDD + CDD + night dummy + weekend dummy + PMI + IR + CUR,CDD,1419.4869097233627,43.558353700502714,32.58816711677007,6.033508159355018e-233,1334.1141052445205,1504.859714202205
model_6,TABLE 6 - consumption ~ HDD + CDD + night dummy + weekend dummy + PMI + IR + CUR,night,-6971.716129426792,84.60412020640554,-82.4039788182674,0.0,-7137.537157975044,-6805.89510087854
model_6,TABLE 6 - consumption ~ HDD + CDD + night dummy + weekend dummy + PMI + IR + CUR,weekend,-3596.8080529520917,88.50281827332739,-40.64060470756876,0.0,-3770.2703892981067,-3423.3457166060766
model_6,TABLE 6 - consumption ~ HDD + CDD + night dummy + weekend dummy + PMI + IR + CUR,PMI,-48.4869805215194,80.6525293148735,-0.6011836322233938,0.5477176849683719,-206.56303324073238,109.58907219769358
model_6,TABLE 6 - consumption ~ HDD + CDD + night dummy + weekend dummy + PMI + IR + CUR,IR,2280.9650437709242,88.77405851461023,25.694049387136314,1.3623235277272453e-145,2106.971086320837,2454.9590012210115
model_6,TABLE 6 - consumption ~ HDD + CDD + night dummy + weekend dummy + PMI + IR + CUR,CUR,-1636.5012486274882,81.47273539381762,-20.086489556501014,9.687388582357772e-90,-1796.1848757213324,-1476.817621533644
