model_id,prompt,variable,coefficient,std_error,t_stat,p_value,ci_low,ci_high
model_2,TABLE 2 - consumption ~ HDD + CDD + night dummy,const,38946.34761050716,55.556898251936026,701.0173144277358,0.0,38837.458090840606,39055.237130173715
model_2,TABLE 2 - consumption ~ HDD + CDD + night dummy,HDD,310.79782032536696,43.81740777501668,7.093021611894033,1.312149557989816e-12,224.91727919042893,396.678361460305
model_2,TABLE 2 - consumption ~ HDD + CDD + night dummy,CDD,1675.7050943687045,51.95449350764881,32.253323653747195,3.16004545850426e-228,1573.8761582586928,1777.5340304787162
model_2,TABLE 2 - consumption ~ HDD + CDD + night dummy,night,-6794.7588133240015,89.43645950967787,-75.97302990944922,0.0,-6970.051052867745,-6619.466573780258
