model_id,prompt,variable,coefficient,std_error,t_stat,p_value,ci_low,ci_high
model_1,TABLE 1 - consumption ~ HDD + CDD,const,36964.542956620986,54.26307160798816,681.2099252999045,0.0,36858.18929057881,37070.89662266316
model_1,TABLE 1 - consumption ~ HDD + CDD,HDD,-18.746040925013858,57.11445148093386,-0.328218873488993,0.7427461786039482,-130.68830882440457,93.19622697437686
model_1,TABLE 1 - consumption ~ HDD + CDD,CDD,2252.384370091268,52.581103538088456,42.83638452851596,0.0,2149.327300889243,2355.441439293293
