model_id,prompt,variable,coefficient,std_error,t_stat,p_value,ci_low,ci_high
model_8,TABLE 8 - sqrt_consumption ~ HDD + CDD + night dummy + weekend dummy + PMI + IR,const,199.71465217957436,0.13941903884813575,1432.4776144606512,0.0,199.44139588467283,199.9879084744759
model_8,TABLE 8 - sqrt_consumption ~ HDD + CDD + night dummy + weekend dummy + PMI + IR,HDD,0.8092984476672278,0.15356407277908976,5.270102785248783,1.363473849840382e-07,0.5083183957009242,1.1102784996335315
model_8,TABLE 8 - sqrt_consumption ~ HDD + CDD + night dummy + weekend dummy + PMI + IR,CDD,3.9595250918107503,0.10911492217590898,36.287659037390185,2.532939603724374e-288,3.745663774170078,4.173386409451423
model_8,TABLE 8 - sqrt_consumption ~ HDD + CDD + night dummy + weekend dummy + PMI + IR,night,-18.164114557536077,0.23690288906803014,-76.67325049936383,0.0,-18.628435687942904,-17.69979342712925
model_8,TABLE 8 - sqrt_consumption ~ HDD + CDD + night dummy + weekend dummy + PMI + IR,weekend,-9.415002014021574,0.24075982118712277,-39.1053705207069,0.0,-9.886882592472638,-8.94312143557051
model_8,TABLE 8 - sqrt_consumption ~ HDD + CDD + night dummy + weekend dummy + PMI + IR,PMI,-0.02088344659880903,0.2121009843103358,-0.09845992307255581,0.9215670940373797,-0.43659373693256226,0.3948268437349442
model_8,TABLE 8 - sqrt_consumption ~ HDD + CDD + night dummy + weekend dummy + PMI + IR,IR,2.123878148323712,0.16754010833432859,12.676834039557166,7.947770773316971e-37,1.795505570022489,2.4522507266249347
