model_id,prompt,variable,coefficient,std_error,t_stat,p_value,ci_low,ci_high
model_5,TABLE 5 - consumption ~ HDD + CDD + night dummy + weekend dummy + PMI + IR,const,40004.75127897897,53.858144859912066,742.7799710337866,0.0,39899.1912547794,40110.31130317854
model_5,TABLE 5 - consumption ~ HDD + CDD + night dummy + weekend dummy + PMI + IR,HDD,323.9055939510604,57.70752314798164,5.612883317144919,1.989827828480173e-08,210.80092694400489,437.01026095811585
model_5,TABLE 5 - consumption ~ HDD + CDD + night dummy + weekend dummy + PMI + IR,CDD,1612.802505054477,43.80998794326058,36.81358020785713,1.1195748200881132e-296,1526.9365065225522,1698.6685035864018
model_5,TABLE 5 - consumption ~ HDD + CDD + night dummy + weekend dummy + PMI + IR,night,-6830.498627957648,87.68377765323395,-77.89922846356433,0.0,-7002.355674186404,-6658.641581728892
model_5,TABLE 5 - consumption ~ HDD + CDD + night dummy + weekend dummy + PMI + IR,weekend,-3642.976551358692,90.26896433550786,-40.35691090703812,0.0,-3819.9004703780183,-3466.052632339366
model_5,TABLE 5 - consumption ~ HDD + CDD + night dummy + weekend dummy + PMI + IR,PMI,-8.900052636337023,79.98069095150643,-0.1112775162411796,0.9113962841021399,-165.65932635991823,147.85922108724418
model_5,TABLE 5 - consumption ~ HDD + CDD + night dummy + weekend dummy + PMI + IR,IR,819.504705759713,63.731610543426704,12.858685019442632,7.687329099422218e-38,694.5930444178636,944.4163671015625
