model_id,prompt,variable,coefficient,std_error,t_stat,p_value,ci_low,ci_high
model_7,TABLE 7 - log_consumption ~ HDD + CDD + night dummy + weekend dummy + PMI + IR,const,10.590704600810241,0.0014556058651791898,7275.805116041141,0.0,10.587851665738805,10.593557535881677
model_7,TABLE 7 - log_consumption ~ HDD + CDD + night dummy + weekend dummy + PMI + IR,HDD,0.008170859491710702,0.001649036865166619,4.95492833684171,7.235695219654849e-07,0.004938806626805296,0.01140291235661611
model_7,TABLE 7 - log_consumption ~ HDD + CDD + night dummy + weekend dummy + PMI + IR,CDD,0.03903251757467269,0.0010987322631543172,35.52504908030589,2.018004935935152e-276,0.03687904191023804,0.041185993239107335
model_7,TABLE 7 - log_consumption ~ HDD + CDD + night dummy + weekend dummy + PMI + IR,night,-0.19381602030981143,0.002585780686723701,-74.95454711411931,0.0,-0.19888405732770914,-0.18874798329191372
model_7,TABLE 7 - log_consumption ~ HDD + CDD + night dummy + weekend dummy + PMI + IR,weekend,-0.09767810350016069,0.002589844077603114,-37.715824031600086,0.0,-0.10275410461783716,-0.09260210238248423
model_7,TABLE 7 - log_consumption ~ HDD + CDD + night dummy + weekend dummy + PMI + IR,PMI,-0.00022100287853632494,0.0022698986203937037,-0.09736244453859925,0.9224385679088541,-0.00466992242306514,0.00422791666599249
model_7,TABLE 7 - log_consumption ~ HDD + CDD + night dummy + weekend dummy + PMI + IR,IR,0.022093336820522502,0.0017748799423898476,12.44779226631756,1.4376712697281372e-35,0.018614636056555875,0.02557203758448913
