model_id,prompt,variable,coefficient,std_error,t_stat,p_value,ci_low,ci_high
model_7,TABLE 7 - log_consumption ~ HDD + CDD + night dummy + weekend dummy + PMI + IR,const,10.591817126879079,0.0014064842219711161,7530.704547851369,0.0,10.589060468459191,10.594573785298966
model_7,TABLE 7 - log_consumption ~ HDD + CDD + night dummy + weekend dummy + PMI + IR,HDD,0.010521507080646586,0.0012742974979129587,8.256711715967963,1.4974050407972557e-16,0.008023929879147683,0.01301908428214549
model_7,TABLE 7 - log_consumption ~ HDD + CDD + night dummy + weekend dummy + PMI + IR,CDD,0.07550991472920962,0.001188141464451422,63.552966535069444,0.0,0.07318120025034616,0.07783862920807308
model_7,TABLE 7 - log_consumption ~ HDD + CDD + night dummy + weekend dummy + PMI + IR,night,-0.19958339936451602,0.0022568094336321183,-88.43608874999502,0.0,-0.20400666457440522,-0.19516013415462682
model_7,TABLE 7 - log_consumption ~ HDD + CDD + night dummy + weekend dummy + PMI + IR,weekend,-0.09470634609057782,0.0025717145266966708,-36.82615045621985,7.045283125234242e-297,-0.09974681394142176,-0.08966587823973388
model_7,TABLE 7 - log_consumption ~ HDD + CDD + night dummy + weekend dummy + PMI + IR,PMI,0.011902223199842465,0.002963938933935246,4.0156776050847265,5.927524010525015e-05,0.006093009636953341,0.01771143676273159
model_7,TABLE 7 - log_consumption ~ HDD + CDD + night dummy + weekend dummy + PMI + IR,IR,0.028644322163608127,0.00288762823366645,9.919671039937903,3.4188107462338653e-23,0.022984674824880872,0.03430396950233538
