model_id,prompt,variable,coefficient,std_error,t_stat,p_value,ci_low,ci_high
model_6,TABLE 6 - consumption ~ HDD + CDD + night dummy + weekend dummy + PMI + IR + CUR,const,40111.66487337877,52.14734028678713,769.1986715483953,0.0,40009.457964527115,40213.87178223043
model_6,TABLE 6 - consumption ~ HDD + CDD + night dummy + weekend dummy + PMI + IR + CUR,HDD,511.3760179304477,47.419832254195626,10.78401153317454,4.096233067397283e-27,418.43485455929346,604.317181301602
model_6,TABLE 6 - consumption ~ HDD + CDD + night dummy + weekend dummy + PMI + IR + CUR,CDD,3093.1203852791655,48.1064943213676,64.29735587499016,0.0,2998.8333889868045,3187.4073815715265
model_6,TABLE 6 - consumption ~ HDD + CDD + night dummy + weekend dummy + PMI + IR + CUR,night,-7138.165722168644,76.38802981610513,-93.44612944400984,0.0,-7287.883509458182,-6988.447934879106
model_6,TABLE 6 - consumption ~ HDD + CDD + night dummy + weekend dummy + PMI + IR + CUR,weekend,-3498.905194705365,88.61123804782422,-39.486020868109044,0.0,-3672.580029904606,-3325.230359506124
model_6,TABLE 6 - consumption ~ HDD + CDD + night dummy + weekend dummy + PMI + IR + CUR,PMI,639.4380197404148,102.91151211487728,6.213474144920034,5.182576316513441e-10,437.73516240069785,841.1408770801318
model_6,TABLE 6 - consumption ~ HDD + CDD + night dummy + weekend dummy + PMI + IR + CUR,IR,836.9848088703875,101.29340437785916,8.26297441586766,1.4208670183613276e-16,638.4533844183317,1035.5162333224432
model_6,TABLE 6 - consumption ~ HDD + CDD + night dummy + weekend dummy + PMI + IR + CUR,CUR,536.842651945531,56.1702017262101,9.557427878971454,1.2071957984753354e-21,426.7510795578096,646.9342243332524
