model_id,prompt,variable,coefficient,std_error,t_stat,p_value,ci_low,ci_high
model_3,TABLE 3 - consumption ~ HDD + CDD + night dummy + weekend dummy,const,40107.76101294644,53.672706937981424,747.2654781375342,0.0,40002.56444039522,40212.95758549766
model_3,TABLE 3 - consumption ~ HDD + CDD + night dummy + weekend dummy,HDD,165.19352781568705,39.31844380803432,4.201425891172516,2.6523907617537364e-05,88.1307940237779,242.2562616075962
model_3,TABLE 3 - consumption ~ HDD + CDD + night dummy + weekend dummy,CDD,2950.0389307821724,46.09134421222584,64.00418519361966,0.0,2859.701556127171,3040.376305437174
model_3,TABLE 3 - consumption ~ HDD + CDD + night dummy + weekend dummy,night,-7145.225187735921,77.34565148013156,-92.38043834398856,0.0,-7296.819878997766,-6993.630496474077
model_3,TABLE 3 - consumption ~ HDD + CDD + night dummy + weekend dummy,weekend,-3478.1771185498765,89.8343130680563,-38.717690376447734,0.0,-3654.2491367391626,-3302.1051003605903
