model_id,prompt,variable,coefficient,std_error,t_stat,p_value,ci_low,ci_high
model_8,TABLE 8 - sqrt_consumption ~ HDD + CDD + night dummy + weekend dummy + PMI + IR,const,199.89963175713706,0.13506899900046326,1479.9815889392312,0.0,199.63490138366828,200.16436213060584
model_8,TABLE 8 - sqrt_consumption ~ HDD + CDD + night dummy + weekend dummy + PMI + IR,HDD,0.9732002788117491,0.11886668914137684,8.187325531160802,2.670950152271862e-16,0.7402258491331322,1.206174708490366
model_8,TABLE 8 - sqrt_consumption ~ HDD + CDD + night dummy + weekend dummy + PMI + IR,CDD,7.493301926351646,0.11725145697989761,63.9079642962249,0.0,7.263493293536199,7.723110559167092
model_8,TABLE 8 - sqrt_consumption ~ HDD + CDD + night dummy + weekend dummy + PMI + IR,night,-18.840787759417413,0.20640890398099657,-91.2789487082981,0.0,-19.245341777308553,-18.436233741526273
model_8,TABLE 8 - sqrt_consumption ~ HDD + CDD + night dummy + weekend dummy + PMI + IR,weekend,-9.067948239913488,0.23773545769908827,-38.14301967269506,0.0,-9.533901174851847,-8.601995304975128
model_8,TABLE 8 - sqrt_consumption ~ HDD + CDD + night dummy + weekend dummy + PMI + IR,PMI,1.153047048753903,0.27091696284840916,4.2560902670353915,2.080327439451521e-05,0.6220595587700453,1.6840345387377609
model_8,TABLE 8 - sqrt_consumption ~ HDD + CDD + night dummy + weekend dummy + PMI + IR,IR,2.715230943847729,0.26642540476428667,10.191336469020147,2.16763513624315e-24,2.193046745943221,3.237415141752237
