model_id,prompt,variable,coefficient,std_error,t_stat,p_value,ci_low,ci_high
model_2,TABLE 2 - consumption ~ HDD + CDD + night dummy,const,39106.556148799355,55.03279628768466,710.604562856834,0.0,38998.69385010696,39214.41844749175
model_2,TABLE 2 - consumption ~ HDD + CDD + night dummy,HDD,199.83396865727354,43.284986137240445,4.616704000405014,3.898827490292267e-06,114.99695475696676,284.6709825575803
model_2,TABLE 2 - consumption ~ HDD + CDD + night dummy,CDD,2989.6749281407274,49.987412874000555,59.808554919146786,0.0,2891.7013992273523,3087.6484570541024
model_2,TABLE 2 - consumption ~ HDD + CDD + night dummy,night,-7143.053653026385,77.76155901138108,-91.85841621283515,0.0,-7295.463508070378,-6990.643797982392
