model_id,prompt,variable,coefficient,std_error,t_stat,p_value,ci_low,ci_high
model_1,TABLE 1 - consumption ~ HDD + CDD,const,37023.16549999999,54.57038236208356,678.4479766761598,0.0,36916.209515947725,37130.12148405225
model_1,TABLE 1 - consumption ~ HDD + CDD,HDD,229.29312196290903,58.5501148614396,3.9161856899091876,8.996096795136469e-05,114.53700554380403,344.04923838201404
model_1,TABLE 1 - consumption ~ HDD + CDD,CDD,3085.705435277478,62.94983541219121,49.01848297255251,0.0,2962.3260250368594,3209.0848455180967
