model_id,prompt,variable,coefficient,std_error,t_stat,p_value,ci_low,ci_high
model_5,TABLE 5 - consumption ~ HDD + CDD + night dummy + weekend dummy + PMI + IR,const,40110.68740176606,52.457218094071855,764.636190387285,0.0,40007.87314357251,40213.501659959606
model_5,TABLE 5 - consumption ~ HDD + CDD + night dummy + weekend dummy + PMI + IR,HDD,361.67439147081177,44.72967309584829,8.085782131602066,6.176651615299854e-16,274.0058431626989,449.34293977892463
model_5,TABLE 5 - consumption ~ HDD + CDD + night dummy + weekend dummy + PMI + IR,CDD,2990.9577787446165,47.07713984413559,63.53312432843562,0.0,2898.688280154955,3083.227277334278
model_5,TABLE 5 - consumption ~ HDD + CDD + night dummy + weekend dummy + PMI + IR,night,-7143.549926439913,76.54972633383908,-93.31907857235646,0.0,-7293.584633080635,-6993.515219799191
model_5,TABLE 5 - consumption ~ HDD + CDD + night dummy + weekend dummy + PMI + IR,weekend,-3490.048332308208,88.87321044312,-39.269970274584416,0.0,-3664.2366239671724,-3315.8600406492437
model_5,TABLE 5 - consumption ~ HDD + CDD + night dummy + weekend dummy + PMI + IR,PMI,446.84513089818256,99.98353841541237,4.469187007981524,7.8517461438584e-06,250.88099655709738,642.8092652392677
model_5,TABLE 5 - consumption ~ HDD + CDD + night dummy + weekend dummy + PMI + IR,IR,1033.8544874679847,99.19265175711517,10.422692297807487,1.9534375897671272e-25,839.4404624930153,1228.268512442954
