model_id,prompt,variable,coefficient,std_error,t_stat,p_value,ci_low,ci_high
model_8,TABLE 8 - sqrt_consumption ~ HDD + CDD + night dummy + weekend dummy + PMI + IR,const,205.1416698860269,0.16114960530388853,1272.9889688477992,0.0,204.82582246350844,205.45751730854536
model_8,TABLE 8 - sqrt_consumption ~ HDD + CDD + night dummy + weekend dummy + PMI + IR,HDD,1.5726323807150067,0.15908130429263923,9.885714652062815,4.8014349875662045e-23,1.2608387536877768,1.8844260077422366
model_8,TABLE 8 - sqrt_consumption ~ HDD + CDD + night dummy + weekend dummy + PMI + IR,CDD,7.323841277410278,0.1451389249367382,50.460903445457696,0.0,7.039374211779409,7.608308343041147
model_8,TABLE 8 - sqrt_consumption ~ HDD + CDD + night dummy + weekend dummy + PMI + IR,night,-20.49695288444358,0.23523977182119118,-87.13217465634843,0.0,-20.958014364944535,-20.035891403942625
model_8,TABLE 8 - sqrt_consumption ~ HDD + CDD + night dummy + weekend dummy + PMI + IR,weekend,-8.223166200114322,0.2620931307639919,-31.37497795590481,4.441285587318603e-216,-8.736859297007094,-7.709473103221551
model_8,TABLE 8 - sqrt_consumption ~ HDD + CDD + night dummy + weekend dummy + PMI + IR,PMI,-0.7635864228244826,0.1678664573023232,-4.548773084841381,5.3959588139054775e-06,-1.092598633349367,-0.4345742122995984
model_8,TABLE 8 - sqrt_consumption ~ HDD + CDD + night dummy + weekend dummy + PMI + IR,IR,-1.0008492376977927,0.12655464822574183,-7.908435223276256,2.6064420560386263e-15,-1.2488917902963825,-0.7528066850992028
