model_id,prompt,variable,coefficient,std_error,t_stat,p_value,ci_low,ci_high
model_1,TABLE 1 - consumption ~ HDD + CDD,const,39012.667674180324,61.7250564773354,632.0394002151338,0.0,38891.688786541046,39133.6465618196
model_1,TABLE 1 - consumption ~ HDD + CDD,HDD,784.1742932292173,67.16829653137944,11.674768212453767,1.715326370025018e-31,652.5268511248069,915.8217353336277
model_1,TABLE 1 - consumption ~ HDD + CDD,CDD,3230.403862065085,78.45184994331247,41.176898497604604,0.0,3076.641061655652,3384.166662474518
