model_id,prompt,variable,coefficient,std_error,t_stat,p_value,ci_low,ci_high
model_3,TABLE 3 - consumption ~ HDD + CDD + night dummy + weekend dummy,const,42274.421735341464,64.19837727532659,658.4967335551147,0.0,42148.59522801591,42400.24824266702
model_3,TABLE 3 - consumption ~ HDD + CDD + night dummy + weekend dummy,HDD,719.2805994028413,46.11866101347618,15.596302745924534,7.713372731081602e-55,628.8896848012165,809.6715140044661
model_3,TABLE 3 - consumption ~ HDD + CDD + night dummy + weekend dummy,CDD,3036.592866481782,60.12685420925267,50.503105582638206,0.0,2918.7463977279563,3154.439335235608
model_3,TABLE 3 - consumption ~ HDD + CDD + night dummy + weekend dummy,night,-7985.623019189551,89.52626875832946,-89.19865789052639,0.0,-8161.091281626131,-7810.1547567529715
model_3,TABLE 3 - consumption ~ HDD + CDD + night dummy + weekend dummy,weekend,-3282.083933524067,101.06061235490236,-32.476390722808205,2.297746056492114e-231,-3480.1590939952393,-3084.008773052895
