model_id,prompt,variable,coefficient,std_error,t_stat,p_value,ci_low,ci_high
model_2,TABLE 2 - consumption ~ HDD + CDD + night dummy,const,41340.59342703836,62.64142055220645,659.9561929248458,0.0,41217.818498815606,41463.36835526111
model_2,TABLE 2 - consumption ~ HDD + CDD + night dummy,HDD,750.2799157300915,49.95761858498726,15.018328274669956,5.569467588770596e-51,652.3647825501276,848.1950489100553
model_2,TABLE 2 - consumption ~ HDD + CDD + night dummy,CDD,3158.9472368948377,62.40327271987388,50.621499469671114,0.0,3036.639069846454,3281.2554039432216
model_2,TABLE 2 - consumption ~ HDD + CDD + night dummy,night,-7981.459724084653,88.92859110034021,-89.75133447328525,0.0,-8155.756559837209,-7807.162888332097
