model_id,prompt,variable,coefficient,std_error,t_stat,p_value,ci_low,ci_high
model_5,TABLE 5 - consumption ~ HDD + CDD + night dummy + weekend dummy + PMI + IR,const,42273.38297439902,63.93224148936311,661.221662022164,0.0,42148.07808362895,42398.68786516909
model_5,TABLE 5 - consumption ~ HDD + CDD + night dummy + weekend dummy + PMI + IR,HDD,592.0174369027854,62.126721640610036,9.529191646832441,1.5851266925103172e-21,470.2513000096446,713.7835737959263
model_5,TABLE 5 - consumption ~ HDD + CDD + night dummy + weekend dummy + PMI + IR,CDD,2988.558921776409,59.807678703932986,49.96948529921593,0.0,2871.338025517757,3105.779818035061
model_5,TABLE 5 - consumption ~ HDD + CDD + night dummy + weekend dummy + PMI + IR,night,-7987.32733579391,89.52106215010696,-89.22288391083804,0.0,-8162.7853934658915,-7811.869278121928
model_5,TABLE 5 - consumption ~ HDD + CDD + night dummy + weekend dummy + PMI + IR,weekend,-3276.678911385013,100.89885638888676,-32.4748865215673,2.4128890207006436e-231,-3474.43703598851,-3078.920786781516
model_5,TABLE 5 - consumption ~ HDD + CDD + night dummy + weekend dummy + PMI + IR,PMI,-268.88386165389875,65.70906890166307,-4.0920357897065465,4.276026353621346e-05,-397.67127015881925,-140.09645314897824
model_5,TABLE 5 - consumption ~ HDD + CDD + night dummy + weekend dummy + PMI + IR,IR,-383.8390910098151,48.69725081103859,-7.882151140302303,3.217924515665482e-15,-479.28394874556466,-288.3942332740655
